Rank,Sector,AvgReturn_3M,StockCount
1,지주회사,54.31769613177788,15
2,금융지주회사,49.456109708190176,3
3,기타,24.718647937598945,5
4,부동산투자,12.234341711924273,3
