Rank,Sector,AvgReturn_3M,StockCount
1,지주회사,34.127070835275134,15
2,금융지주회사,9.416984242325858,3
3,기타,8.936639801696677,4
4,부동산투자,6.692819398298847,3
