Rank,Sector,AvgReturn_3M,StockCount
1,지주회사,38.913309909070854,15
2,기타,38.41224264460253,5
3,금융지주회사,30.574377113791915,3
4,부동산투자,11.094207733310759,3
