Rank,Sector,AvgReturn_3M,StockCount
1,지주회사,20.60501368838359,15
2,금융지주회사,9.039004435236974,3
3,부동산투자,6.000291091795474,3
4,기타,2.384912090705626,4
